Roles,Skills,Title of Course,URL,Platform
Data Scientist,"Python, R, SQL, Statistical Analysis, Big Data Technologies (Hadoop/Spark), Communication","IBM Data Science Professional Certificate","https://www.coursera.org/professional-certificates/ibm-data-science","Coursera"
Data Scientist,"Python, R, SQL, Machine Learning, Big Data Technologies (Hadoop/Spark), Communication","Python for Data Science, AI & Development","https://www.coursera.org/learn/python-for-applied-data-science-ai","Coursera"
Data Scientist,"Python, Machine Learning, Data Visualization (Tableau/Power BI), Big Data Technologies (Hadoop/Spark), Communication","Google Foundations of Data Science","https://www.coursera.org/learn/foundations-of-data-science","Coursera"
Data Scientist,"Python, R, SQL, Machine Learning, Statistical Analysis, Data Visualization (Tableau/Power BI)","Data Science Specialization","https://www.coursera.org/specializations/jhu-data-science","Coursera"
Data Scientist,"Python, R, SQL, Machine Learning, Statistical Analysis, Data Visualization (Tableau/Power BI), Big Data Technologies (Hadoop/Spark), Communication","Databases and SQL for Data Science with Python","https://www.coursera.org/learn/sql-data-science","Coursera"

Data Analyst,"SQL, Excel, Data Visualization (Tableau/Power BI), Statistical Analysis, Data Cleaning, Data Storytelling","Google Data Analytics Professional Certificate","https://www.coursera.org/professional-certificates/google-data-analytics","Coursera"
Data Analyst,"SQL, Excel, Data Visualization (Tableau/Power BI), Statistical Analysis","Introduction to Data Analytics","https://www.coursera.org/learn/introduction-to-data-analytics","Coursera"
Data Analyst,"SQL, Excel, Data Visualization (Tableau/Power BI), Statistical Analysis, NumPy, Pandas, Python, R","Data Analysis with Python","https://www.coursera.org/learn/data-analysis-with-python","Coursera"
Data Analyst,"SQL, Excel, Data Visualization (Tableau/Power BI), Statistical Analysis, Python, R","The Complete SQL Bootcamp","https://www.udemy.com/course/the-complete-sql-bootcamp/","Udemy"
Data Analyst,"SQL, NumPy, Pandas, Excel, Data Visualization (Tableau/Power BI), Statistical Analysis, Python, R","The Data Analyst Course","https://www.udemy.com/course/the-data-analyst-course-complete-data-analyst-bootcamp/","Udemy"

Machine Learning Engineer,"TensorFlow, PyTorch, Keras, Machine Learning, Deep Learning, Data Structures, Algorithms, Model Deployment, Mathematics, Statistics","Deep Learning Specialization","https://www.coursera.org/specializations/deep-learning","Coursera"
Machine Learning Engineer,"Python, C++, TensorFlow, PyTorch, Keras, Mathematics, Statistics","Mathematics for Machine Learning and Data Science Specialization","https://www.coursera.org/specializations/mathematics-for-machine-learning-and-data-science","Coursera"
Machine Learning Engineer,"Python, TensorFlow, PyTorch, Keras, Mathematics, Statistics, Machine Learning, Deep Learning, Data Structures, Algorithms, Model Deployment","Machine Learning Specialization","https://www.coursera.org/specializations/machine-learning-introduction","Coursera"
Machine Learning Engineer,"Python, C++, TensorFlow, Scikit-learn, PyTorch, Hugging Face, Keras, Mathematics, Statistics, Machine Learning, Deep Learning, Data Structures, Algorithms, Model Deployment","Machine Learning with Scikit-learn, PyTorch & Hugging Face","https://www.coursera.org/professional-certificates/machine-learning-scikit-learn-pytorch-hugging-face","Coursera"

Data Engineer,"SQL, Python, ETL, Data Warehousing, Big Data, Cloud Computing","Google Cloud Data Engineer Professional Certificate","https://www.coursera.org/professional-certificates/gcp-data-engineering","Coursera"
Data Engineer,"Hadoop, HDFS, MapReduce, Hive, Pig, Spark","The Ultimate Hands-On Hadoop","https://www.udemy.com/course/the-ultimate-hands-on-hadoop-tame-your-big-data/","Udemy"
Data Engineer,"Python, SQL, ETL, Data Pipelines, Relational Databases, NoSQL Databases","IBM Data Engineering Professional Certificate","https://www.coursera.org/professional-certificates/ibm-data-engineer","Coursera"
Data Engineer,"Python, SQL, Data Pipelines, Database Design, Data Wrangling","Data Engineer with Python Track","https://www.datacamp.com/tracks/data-engineer-in-python","DataCamp"

Business Intelligence (BI) Analyst,"Data Modeling, Stakeholder Engagement, ETL, Data Warehousing, Tableau, SQL","Google Business Intelligence Professional Certificate","https://www.coursera.org/professional-certificates/google-business-intelligence","Coursera"
Business Intelligence (BI) Analyst,"SQL, Tableau, Power BI, Statistics, Data Analysis","The Business Intelligence Analyst Course 2024","https://www.udemy.com/course/the-business-intelligence-analyst-course-2018/","Udemy"
Business Intelligence (BI) Analyst,"Data Visualization, Data Warehousing, Data Modeling, Tableau, SQL","AI For Business Specialization","https://www.coursera.org/specializations/ai-for-business-wharton","Coursera"

Front-End Web Developer,"HTML, CSS, JavaScript, React.js, UI/UX, Version Control (Git)","Meta Front-End Developer","https://www.coursera.org/professional-certificates/meta-front-end-developer","Coursera"
Front-End Web Developer,"HTML, CSS, Responsive Design, CSS Flexbox, CSS Grid","Responsive Web Design Certification","https://www.freecodecamp.org/learn/2022/responsive-web-design/","freeCodeCamp"

UX/UI Designer,"UX Research, Design Thinking, Wireframing, Prototyping (Figma), Usability Testing, Portfolio Creation","Google UX Design Professional Certificate","https://www.coursera.org/professional-certificates/google-ux-design","Coursera"
UX/UI Designer,"UX Design Principles, User-Centered Design, Usability, Wireframing, Prototyping","Complete UI/UX Design Course 2025","https://www.udemy.com/course/complete-uiux-design-course-figma-ai-real-project/","Udemy"

Roles,Skills,Title of Course,URL,Platform
Product Manager,"Product Strategy, Roadmapping, Agile, Stakeholder Management, Data Analysis",Product Management Professional Certificate,https://www.coursera.org/professional-certificates/google-product-management,Coursera
Product Manager,"Agile, Scrum, Product Lifecycle, UX Basics",Product Management Foundations,https://www.udemy.com/course/product-management-foundations/,Udemy
Product Manager,"User Research, MVP, Product Strategy",Product Strategy for Growth,https://www.coursera.org/learn/product-strategy,Coursera
Product Manager,"Agile, Backlog Management, Product Delivery",Become a Product Manager,https://www.udemy.com/course/become-a-product-manager-learn-the-skills-get-a-job/,Udemy
Product Manager,"Product Analytics, Metrics, A/B Testing",Product Analytics,https://www.coursera.org/learn/product-analytics,Coursera

Business Analyst,"Business Analysis, Requirements Gathering, Stakeholder Communication",Business Analysis Fundamentals,https://www.udemy.com/course/business-analysis-fundamentals/,Udemy
Business Analyst,"SQL, Excel, Data Analysis",Business Analytics Specialization,https://www.coursera.org/specializations/business-analytics,Coursera
Business Analyst,"Process Modeling, BPMN, Documentation",Business Process Modeling,https://www.udemy.com/course/business-process-modeling/,Udemy
Business Analyst,"Decision Making, Business Strategy",Business Analysis for Decision Making,https://www.coursera.org/learn/business-analysis-decision-making,Coursera
Business Analyst,"Data Visualization, Power BI, Tableau",Business Intelligence Concepts,https://www.udemy.com/course/business-intelligence-concepts-tools/,Udemy

HR Manager,"Recruitment, Talent Management, HR Analytics",Human Resource Management,https://www.coursera.org/learn/human-resource-management,Coursera
HR Manager,"Employee Engagement, Performance Management",HR Analytics,https://www.udemy.com/course/hr-analytics/,Udemy
HR Manager,"Labor Laws, Compliance",HR Management Professional Certificate,https://www.coursera.org/professional-certificates/human-resource-management,Coursera
HR Manager,"Organizational Behavior, Leadership",Organizational Behavior,https://www.udemy.com/course/organizational-behavior/,Udemy
HR Manager,"Conflict Resolution, Communication",Workplace Conflict Management,https://www.coursera.org/learn/workplace-conflict-management,Coursera

Financial Analyst,"Financial Modeling, Excel, Valuation",Financial Analyst Certification,https://www.coursera.org/professional-certificates/financial-analysis,Coursera
Financial Analyst,"Investment Analysis, Portfolio Management",Investment Banking Basics,https://www.udemy.com/course/investment-banking-basics/,Udemy
Financial Analyst,"Accounting, Financial Statements",Financial Accounting,https://www.coursera.org/learn/financial-accounting,Coursera
Financial Analyst,"Corporate Finance, Risk Analysis",Corporate Finance Essentials,https://www.udemy.com/course/corporate-finance-essentials/,Udemy
Financial Analyst,"Financial Forecasting, Budgeting",Financial Planning & Analysis,https://www.coursera.org/learn/financial-planning-analysis,Coursera

Operations Manager,"Process Optimization, Lean, Six Sigma",Operations Management,https://www.coursera.org/learn/operations-management,Coursera
Operations Manager,"Supply Chain, Logistics",Operations & Supply Chain Management,https://www.udemy.com/course/operations-supply-chain-management/,Udemy
Operations Manager,"Quality Management, Lean Operations",Lean Operations,https://www.coursera.org/learn/lean-operations,Coursera
Operations Manager,"Inventory Management, Forecasting",Inventory Management Essentials,https://www.udemy.com/course/inventory-management/,Udemy
Operations Manager,"Leadership, Process Improvement",Operational Excellence,https://www.coursera.org/learn/operational-excellence,Coursera
